-- phpMyAdmin SQL Dump
-- version 5.2.1
-- https://www.phpmyadmin.net/
--
-- Host: 127.0.0.1
-- Generation Time: Mar 12, 2026 at 03:43 AM
-- Server version: 10.4.32-MariaDB
-- PHP Version: 8.2.12

SET SQL_MODE = "NO_AUTO_VALUE_ON_ZERO";
START TRANSACTION;
SET time_zone = "+00:00";


/*!40101 SET @OLD_CHARACTER_SET_CLIENT=@@CHARACTER_SET_CLIENT */;
/*!40101 SET @OLD_CHARACTER_SET_RESULTS=@@CHARACTER_SET_RESULTS */;
/*!40101 SET @OLD_COLLATION_CONNECTION=@@COLLATION_CONNECTION */;
/*!40101 SET NAMES utf8mb4 */;

--
-- Database: `system_hris_db`
--

-- --------------------------------------------------------

--
-- Table structure for table `activity_logs`
--

CREATE TABLE `activity_logs` (
  `log_id` int(11) NOT NULL,
  `user_id` int(11) DEFAULT NULL,
  `action` varchar(255) DEFAULT NULL,
  `target` varchar(255) DEFAULT NULL,
  `created_at` timestamp NOT NULL DEFAULT current_timestamp() ON UPDATE current_timestamp()
) ENGINE=InnoDB DEFAULT CHARSET=utf8mb4 COLLATE=utf8mb4_general_ci;

--
-- Dumping data for table `activity_logs`
--

INSERT INTO `activity_logs` (`log_id`, `user_id`, `action`, `target`, `created_at`) VALUES
(1, 2, 'Restored Employee', NULL, '2026-03-06 04:03:18'),
(2, 2, 'Deleted Employee Permanently', '0', '2026-03-06 04:03:31'),
(3, 2, 'Restored Employee', NULL, '2026-03-06 04:07:31'),
(4, 2, 'Restored Employee', NULL, '2026-03-06 04:08:10'),
(5, 2, 'Restored Employee', NULL, '2026-03-06 04:09:24'),
(6, 2, 'Deleted Employee Permanently', '0', '2026-03-06 04:12:41'),
(7, 2, 'Deleted Employee Permanently', '8', '2026-03-06 04:53:15'),
(8, 2, 'Deleted Employee Permanently', '15', '2026-03-09 09:05:24');

-- --------------------------------------------------------

--
-- Table structure for table `announcements`
--

CREATE TABLE `announcements` (
  `announcement_id` int(11) NOT NULL,
  `title` varchar(100) DEFAULT NULL,
  `content` text DEFAULT NULL,
  `posted_by` int(11) DEFAULT NULL,
  `date_posted` datetime DEFAULT NULL
) ENGINE=InnoDB DEFAULT CHARSET=utf8mb4 COLLATE=utf8mb4_general_ci;

-- --------------------------------------------------------

--
-- Table structure for table `attendance_disputes`
--

CREATE TABLE `attendance_disputes` (
  `dispute_id` int(11) NOT NULL,
  `cluster_id` int(11) DEFAULT NULL,
  `employee_id` int(11) DEFAULT NULL,
  `dispute_date` date DEFAULT NULL,
  `dispute_type` varchar(100) DEFAULT NULL,
  `reason` text DEFAULT NULL,
  `status` enum('Pending','Endorsed','Approved','Denied') DEFAULT NULL,
  `created_at` datetime DEFAULT NULL,
  `remarks` text DEFAULT NULL
) ENGINE=InnoDB DEFAULT CHARSET=utf8mb4 COLLATE=utf8mb4_general_ci;

-- --------------------------------------------------------

--
-- Table structure for table `attendance_logs`
--

CREATE TABLE `attendance_logs` (
  `attendance_id` int(11) NOT NULL,
  `cluster_id` int(11) DEFAULT NULL,
  `employee_id` int(11) DEFAULT NULL,
  `timelog_id` int(11) DEFAULT NULL,
  `note` text DEFAULT NULL,
  `updated_at` timestamp NOT NULL DEFAULT current_timestamp() ON UPDATE current_timestamp(),
  `attendance_date` date DEFAULT NULL,
  `attendance_status` enum('Present','Absent','Late','Overtime','On Leave') DEFAULT NULL
) ENGINE=InnoDB DEFAULT CHARSET=utf8mb4 COLLATE=utf8mb4_general_ci;

-- --------------------------------------------------------

--
-- Table structure for table `break_logs`
--

CREATE TABLE `break_logs` (
  `break_log_id` int(11) NOT NULL,
  `time_log_id` int(11) DEFAULT NULL,
  `cluster_id` int(11) DEFAULT NULL,
  `break_start` datetime DEFAULT NULL,
  `break_end` datetime DEFAULT NULL,
  `total_break_hour` double(11,2) DEFAULT NULL
) ENGINE=InnoDB DEFAULT CHARSET=utf8mb4 COLLATE=utf8mb4_general_ci;

-- --------------------------------------------------------

--
-- Table structure for table `clusters`
--

CREATE TABLE `clusters` (
  `cluster_id` int(11) NOT NULL,
  `name` varchar(255) DEFAULT NULL,
  `description` text DEFAULT NULL,
  `user_id` int(11) DEFAULT NULL,
  `status` enum('pending','active','rejected') DEFAULT NULL,
  `rejection_reason` text DEFAULT NULL,
  `created_at` timestamp NOT NULL DEFAULT current_timestamp() ON UPDATE current_timestamp()
) ENGINE=InnoDB DEFAULT CHARSET=utf8mb4 COLLATE=utf8mb4_general_ci;

-- --------------------------------------------------------

--
-- Table structure for table `cluster_members`
--

CREATE TABLE `cluster_members` (
  `cluster_id` int(11) NOT NULL,
  `employee_id` int(11) NOT NULL,
  `assigned_at` timestamp NOT NULL DEFAULT current_timestamp() ON UPDATE current_timestamp()
) ENGINE=InnoDB DEFAULT CHARSET=utf8mb4 COLLATE=utf8mb4_general_ci;

-- --------------------------------------------------------

--
-- Table structure for table `employees`
--

CREATE TABLE `employees` (
  `employee_id` int(11) NOT NULL,
  `user_id` int(11) DEFAULT NULL,
  `first_name` varchar(50) DEFAULT NULL,
  `middle_name` varchar(50) DEFAULT NULL,
  `last_name` varchar(50) DEFAULT NULL,
  `address` varchar(255) DEFAULT NULL,
  `birthdate` date DEFAULT NULL,
  `civil_status` varchar(20) DEFAULT NULL,
  `email` varchar(100) DEFAULT NULL,
  `personal_email` varchar(100) DEFAULT NULL,
  `position` varchar(50) DEFAULT NULL,
  `account` varchar(100) DEFAULT NULL,
  `cluster_id` varchar(100) DEFAULT NULL,
  `contact_number` varchar(20) DEFAULT NULL,
  `employment_status` varchar(20) DEFAULT NULL,
  `employee_type` varchar(30) DEFAULT NULL,
  `date_hired` date DEFAULT NULL,
  `archived` tinyint(1) NOT NULL DEFAULT 0
) ENGINE=InnoDB DEFAULT CHARSET=utf8mb4 COLLATE=utf8mb4_general_ci;

--
-- Dumping data for table `employees`
--

INSERT INTO `employees` (`employee_id`, `user_id`, `first_name`, `middle_name`, `last_name`, `address`, `birthdate`, `civil_status`, `email`, `personal_email`, `position`, `account`, `cluster_id`, `contact_number`, `employment_status`, `employee_type`, `date_hired`, `archived`) VALUES
(1, 2, 'admin', NULL, 'admin', NULL, NULL, NULL, 'admin@ireply.com', NULL, 'superadmin', NULL, NULL, NULL, NULL, NULL, NULL, 0),
(2, 3, 'dennis', NULL, 'Severino', NULL, NULL, NULL, 'test@gmail.com', NULL, 'CSR', 'Sample', NULL, NULL, 'Active', NULL, '2026-01-29', 0),
(3, 4, 'stella', NULL, 'Eriman', NULL, NULL, NULL, 'stellamarieeriman@gmail.com', NULL, 'CSR', 'Voya', NULL, NULL, 'Active', NULL, '2026-01-30', 0),
(4, 5, 'Jan Kevin', 'Dilag', 'Dilas', 'Mandalagan', '2016-02-09', NULL, 'jankevin@gmail.com', 'jankevin@gmail.com', 'CSR', 'Royal', NULL, '09321742123', 'Active', 'Regular', '2026-02-05', 0),
(5, 6, 'Kenneth', NULL, 'De Vera', NULL, NULL, NULL, 'kenneth@gmail.com', NULL, 'CSR', 'Pepsi', NULL, NULL, 'Active', NULL, '2026-02-11', 0),
(6, 7, 'Stella', 'Stella', 'Stellaa', 'iReply', '2002-08-23', 'Married', 'stellaa@gmail.com', 'stella@gmail.com', 'Sr. Recruitment Specialist', 'iReply Back Office Services', NULL, '09521511421', 'Active', 'Regular', '2026-02-17', 0),
(7, 8, 'Test2', 'Test2', 'Test2', 'iQor', '2002-11-20', 'Married', 'test2@gmail.com', 'test2@gmail.com', 'Accounting', 'NUSO', NULL, '095827361234', 'Active', 'Contractual', '2026-02-18', 0),
(9, 10, 'Admin1', 'Admin1', 'Admin1', 'Admin Address', '2002-11-11', 'Single', 'admin1@gmail.com', 'admin1@gmail.com', 'HR Coordinator', 'iReply Back Office Services', NULL, '09521235612', 'Active', 'Regular', '2026-02-26', 0),
(10, 11, 'yannie', 'yannie', 'yannie', 'yannie', '2002-08-23', 'Married', 'yannie@gmail.com', 'yannie@gmail.com', 'Head of Training', 'Element IQ', NULL, '09213521231', 'Active', 'Regular', '2026-03-05', 0),
(11, 12, 'user1', 'user1', 'user1', 'uesr1', '2002-11-11', 'Single', 'user1@gmail.com', 'user1@gmail.com', 'Accounting', 'NUSO', NULL, '09231242312', 'Active', 'Regular', '2026-03-06', 0),
(12, 13, 'kevin', 'kevin', 'kevin', 'kevin', '2222-02-22', 'Single', 'kevin@gmail.com', 'kevin@gmail.com', 'Head of Training', 'Telepath', NULL, '09238123211', 'Active', 'Probationary', '2026-03-06', 0),
(13, 14, 'user21', 'user21', 'user21', 'user2', '2002-02-22', 'Single', 'user2@gmail.com', 'user2@gmail.com', 'Accounting Associate', 'Sourcetoad', NULL, '09213453123', 'Active', 'Regular', '2026-03-07', 0),
(14, 15, 'user31', 'user3', 'user3', 'user3', '2002-02-01', 'Single', 'user3@gmail.com', 'user3@gmail.com', 'Sr. Recruitment Specialist', 'Telepath', NULL, '09843123456', 'Active', 'Contractual', '2026-03-07', 0);

-- --------------------------------------------------------

--
-- Table structure for table `holidays`
--

CREATE TABLE `holidays` (
  `holiday_id` int(11) NOT NULL,
  `holiday_name` varchar(50) DEFAULT NULL,
  `holiday_date` date DEFAULT NULL
) ENGINE=InnoDB DEFAULT CHARSET=utf8mb4 COLLATE=utf8mb4_general_ci;

-- --------------------------------------------------------

--
-- Table structure for table `leave_requests`
--

CREATE TABLE `leave_requests` (
  `leave_id` int(11) NOT NULL,
  `employee_id` int(11) DEFAULT NULL,
  `leave_type` varchar(50) DEFAULT NULL,
  `start_date` date DEFAULT NULL,
  `end_date` date DEFAULT NULL,
  `reason` text DEFAULT NULL,
  `status` varchar(50) DEFAULT NULL,
  `reviewed_by` int(11) DEFAULT NULL,
  `approved_by` int(11) DEFAULT NULL,
  `agreement_1` tinyint(1) DEFAULT NULL,
  `agreement_2` tinyint(1) DEFAULT NULL,
  `created_at` timestamp NOT NULL DEFAULT current_timestamp() ON UPDATE current_timestamp(),
  `remarks` text DEFAULT NULL
) ENGINE=InnoDB DEFAULT CHARSET=utf8mb4 COLLATE=utf8mb4_general_ci;

-- --------------------------------------------------------

--
-- Table structure for table `overtime_requests`
--

CREATE TABLE `overtime_requests` (
  `ot_id` int(11) NOT NULL,
  `employee_id` int(11) DEFAULT NULL,
  `ot_type` enum('Regular Overtime','Duty on Rest Day','Duty on Rest Day OT') DEFAULT NULL,
  `start_time` datetime DEFAULT NULL,
  `end_time` datetime DEFAULT NULL,
  `purpose` text DEFAULT NULL,
  `agreement_1` tinyint(1) DEFAULT NULL,
  `agreement_2` tinyint(1) DEFAULT NULL,
  `status` enum('Pending','Endorsed','Approved','Denied') DEFAULT NULL,
  `approved_by` int(11) DEFAULT NULL,
  `created_at` datetime DEFAULT NULL,
  `remarks` text DEFAULT NULL
) ENGINE=InnoDB DEFAULT CHARSET=utf8mb4 COLLATE=utf8mb4_general_ci;

-- --------------------------------------------------------

--
-- Table structure for table `permissions`
--

CREATE TABLE `permissions` (
  `permission_id` int(11) NOT NULL,
  `permission_name` varchar(100) DEFAULT NULL
) ENGINE=InnoDB DEFAULT CHARSET=utf8mb4 COLLATE=utf8mb4_general_ci;

--
-- Dumping data for table `permissions`
--

INSERT INTO `permissions` (`permission_id`, `permission_name`) VALUES
(1, 'Add Employee'),
(2, 'Edit Employee'),
(3, 'Delete Employee'),
(4, 'Set Attendance'),
(5, 'Edit Attendance'),
(6, 'View Dashboard'),
(7, 'View Team'),
(8, 'View Attendance'),
(9, 'View Employee List'),
(10, 'Edit Profile'),
(11, 'Access Control Panel');

-- --------------------------------------------------------

--
-- Table structure for table `roles`
--

CREATE TABLE `roles` (
  `role_id` int(11) NOT NULL,
  `role_name` varchar(50) DEFAULT NULL,
  `role_description` varchar(100) DEFAULT NULL
) ENGINE=InnoDB DEFAULT CHARSET=utf8mb4 COLLATE=utf8mb4_general_ci;

--
-- Dumping data for table `roles`
--

INSERT INTO `roles` (`role_id`, `role_name`, `role_description`) VALUES
(1, 'Superadmin', 'System Super Administrator'),
(2, 'Admin', 'Administrator'),
(3, 'Teamcoach', 'Team Coach'),
(4, 'Employee', 'Regular Employee');

-- --------------------------------------------------------

--
-- Table structure for table `role_permissions`
--

CREATE TABLE `role_permissions` (
  `role_id` int(11) NOT NULL,
  `permission_id` int(11) NOT NULL
) ENGINE=InnoDB DEFAULT CHARSET=utf8mb4 COLLATE=utf8mb4_general_ci;

--
-- Dumping data for table `role_permissions`
--

INSERT INTO `role_permissions` (`role_id`, `permission_id`) VALUES
(1, 1),
(1, 2),
(1, 3),
(1, 4),
(1, 5),
(1, 6),
(1, 7),
(1, 8),
(1, 9),
(1, 10),
(1, 11),
(2, 1),
(2, 2),
(2, 3),
(2, 4),
(2, 5),
(2, 6),
(2, 7),
(2, 8),
(2, 9),
(2, 10),
(3, 5),
(3, 6),
(3, 7),
(3, 8),
(3, 9),
(4, 6),
(4, 7),
(4, 8);

-- --------------------------------------------------------

--
-- Table structure for table `schedules`
--

CREATE TABLE `schedules` (
  `schedule_id` int(11) NOT NULL,
  `cluster_id` int(11) DEFAULT NULL,
  `employee_id` int(11) DEFAULT NULL,
  `day_of_week` enum('Monday','Tuesday','Wednesday','Thursday','Friday','Saturday','Sunday') DEFAULT NULL,
  `shift_type` enum('Morning','Mid','Night') DEFAULT NULL,
  `start_time` time DEFAULT NULL,
  `end_time` time DEFAULT NULL,
  `work_setup` enum('Onsite','WFH','Hybrid') DEFAULT NULL,
  `breaksched_start` datetime DEFAULT NULL,
  `breaksched_end` datetime DEFAULT NULL
) ENGINE=InnoDB DEFAULT CHARSET=utf8mb4 COLLATE=utf8mb4_general_ci;

-- --------------------------------------------------------

--
-- Table structure for table `time_logs`
--

CREATE TABLE `time_logs` (
  `time_log_id` int(11) NOT NULL,
  `user_id` int(11) DEFAULT NULL,
  `employee_id` int(11) DEFAULT NULL,
  `attendance_id` int(11) DEFAULT NULL,
  `time_in` datetime DEFAULT NULL,
  `time_out` datetime DEFAULT NULL,
  `break_start` datetime DEFAULT NULL,
  `break_end` datetime DEFAULT NULL,
  `total_hours` double(5,2) DEFAULT NULL,
  `log_date` date DEFAULT NULL,
  `tag` enum('On Time','Late','Absent','Break Time','Lunch Time') DEFAULT NULL
) ENGINE=InnoDB DEFAULT CHARSET=utf8mb4 COLLATE=utf8mb4_general_ci;

-- --------------------------------------------------------

--
-- Table structure for table `users`
--

CREATE TABLE `users` (
  `user_id` int(11) NOT NULL,
  `email` varchar(255) DEFAULT NULL,
  `password` varchar(255) DEFAULT NULL,
  `role_id` int(11) DEFAULT NULL,
  `created_at` datetime DEFAULT NULL
) ENGINE=InnoDB DEFAULT CHARSET=utf8mb4 COLLATE=utf8mb4_general_ci;

--
-- Dumping data for table `users`
--

INSERT INTO `users` (`user_id`, `email`, `password`, `role_id`, `created_at`) VALUES
(2, 'admin@ireply.com', '$2y$10$a1Eja8oI5QXMXHNOvNBABuHGXgsy1SPUjfwR59fikshRzr7ZVn9YO', 1, '2026-03-05 17:53:32'),
(3, 'test@gmail.com', '$2y$10$a1Eja8oI5QXMXHNOvNBABuHGXgsy1SPUjfwR59fikshRzr7ZVn9YO', 3, '2026-03-05 17:53:32'),
(4, 'stellamarieeriman@gmail.com', '$2y$10$a1Eja8oI5QXMXHNOvNBABuHGXgsy1SPUjfwR59fikshRzr7ZVn9YO', 2, '2026-03-05 17:53:32'),
(5, 'jankevin@gmail.com', '$2y$10$a1Eja8oI5QXMXHNOvNBABuHGXgsy1SPUjfwR59fikshRzr7ZVn9YO', 2, '2026-03-05 17:53:32'),
(6, 'kenneth@gmail.com', '$2y$10$a1Eja8oI5QXMXHNOvNBABuHGXgsy1SPUjfwR59fikshRzr7ZVn9YO', 2, '2026-03-05 17:53:32'),
(7, 'stellaa@gmail.com', '$2y$10$a1Eja8oI5QXMXHNOvNBABuHGXgsy1SPUjfwR59fikshRzr7ZVn9YO', 2, '2026-03-05 17:53:32'),
(8, 'test2@gmail.com', '$2y$10$a1Eja8oI5QXMXHNOvNBABuHGXgsy1SPUjfwR59fikshRzr7ZVn9YO', 2, '2026-03-05 17:53:32'),
(10, 'admin1@gmail.com', '$2y$10$a1Eja8oI5QXMXHNOvNBABuHGXgsy1SPUjfwR59fikshRzr7ZVn9YO', 2, '2026-03-05 17:53:32'),
(11, 'yannie@gmail.com', '$2y$10$TEjneTDbyXFRE8v5Oxb5keFJd70JWVclruiPaKtxwp4ZAXfj5q4b2', 4, NULL),
(12, 'user1@gmail.com', '$2y$10$92sE1PJ1ZBtKH9P/2ZgYb.y9B/jA2t7YTH2iygHXQoaKqNQPP7sFW', 4, NULL),
(13, 'kevin@gmail.com', '$2y$10$aD6z0ncZURS9GvReJBzYTurMh1RzE5YtLCKGp5WFgUtjsyyPBfVOG', 2, NULL),
(14, 'user2@gmail.com', '$2y$10$Rshf7jf.s0NX31YnELKobOuATGix2s2oEK7GfGg/R5FmX5.NnFx9m', 4, NULL),
(15, 'user3@gmail.com', '$2y$10$pwrLZUostH7EQ75kHYL4FeYg/gdkuxcbzIMU3XimlF0rvcNQVyQVq', 4, NULL),
(16, 'qwe@asd.com', '$2y$10$X7Uhgxa95sZ1fXwWCxUAtexNqXxr0jnaMlziKHAnyZSvL80tduRQ6', 4, NULL);

-- --------------------------------------------------------

--
-- Table structure for table `user_permissions`
--

CREATE TABLE `user_permissions` (
  `Id` int(11) NOT NULL,
  `user_id` int(11) DEFAULT NULL,
  `permission_id` int(11) DEFAULT NULL,
  `is_allowed` tinyint(1) DEFAULT NULL
) ENGINE=InnoDB DEFAULT CHARSET=utf8mb4 COLLATE=utf8mb4_general_ci;

--
-- Dumping data for table `user_permissions`
--

INSERT INTO `user_permissions` (`Id`, `user_id`, `permission_id`, `is_allowed`) VALUES
(1, 12, 1, 1),
(2, 12, 2, 1),
(3, 12, 3, 1),
(4, 12, 4, 0),
(5, 12, 5, 0),
(6, 12, 6, 0),
(7, 12, 7, 1),
(8, 12, 8, 1),
(9, 12, 9, 1),
(10, 12, 10, 0),
(11, 12, 11, 0),
(12, 13, 1, 1),
(13, 13, 2, 1),
(14, 13, 3, 1),
(15, 13, 4, 1),
(16, 13, 5, 1),
(17, 13, 6, 1),
(18, 13, 7, 1),
(19, 13, 8, 1),
(20, 13, 9, 1),
(21, 13, 10, 0),
(22, 13, 11, 0),
(144, 2, 1, 1),
(145, 2, 2, 1),
(146, 2, 3, 1),
(147, 2, 4, 1),
(148, 2, 5, 1),
(149, 2, 6, 1),
(150, 2, 7, 1),
(151, 2, 8, 1),
(152, 2, 9, 1),
(153, 2, 10, 1),
(154, 2, 11, 1);

--
-- Indexes for dumped tables
--

--
-- Indexes for table `activity_logs`
--
ALTER TABLE `activity_logs`
  ADD PRIMARY KEY (`log_id`),
  ADD KEY `user_id` (`user_id`);

--
-- Indexes for table `announcements`
--
ALTER TABLE `announcements`
  ADD PRIMARY KEY (`announcement_id`),
  ADD KEY `posted_by` (`posted_by`);

--
-- Indexes for table `attendance_disputes`
--
ALTER TABLE `attendance_disputes`
  ADD PRIMARY KEY (`dispute_id`),
  ADD KEY `cluster_id` (`cluster_id`),
  ADD KEY `employee_id` (`employee_id`);

--
-- Indexes for table `attendance_logs`
--
ALTER TABLE `attendance_logs`
  ADD PRIMARY KEY (`attendance_id`),
  ADD UNIQUE KEY `unique_employee_date` (`employee_id`,`attendance_date`),
  ADD KEY `cluster_id` (`cluster_id`);

--
-- Indexes for table `break_logs`
--
ALTER TABLE `break_logs`
  ADD PRIMARY KEY (`break_log_id`),
  ADD KEY `time_log_id` (`time_log_id`),
  ADD KEY `cluster_id` (`cluster_id`);

--
-- Indexes for table `clusters`
--
ALTER TABLE `clusters`
  ADD PRIMARY KEY (`cluster_id`),
  ADD KEY `user_id` (`user_id`);

--
-- Indexes for table `cluster_members`
--
ALTER TABLE `cluster_members`
  ADD PRIMARY KEY (`cluster_id`,`employee_id`),
  ADD KEY `employee_id` (`employee_id`);

--
-- Indexes for table `employees`
--
ALTER TABLE `employees`
  ADD PRIMARY KEY (`employee_id`),
  ADD KEY `user_id` (`user_id`);

--
-- Indexes for table `holidays`
--
ALTER TABLE `holidays`
  ADD PRIMARY KEY (`holiday_id`);

--
-- Indexes for table `leave_requests`
--
ALTER TABLE `leave_requests`
  ADD PRIMARY KEY (`leave_id`),
  ADD KEY `employee_id` (`employee_id`),
  ADD KEY `reviewed_by` (`reviewed_by`),
  ADD KEY `approved_by` (`approved_by`);

--
-- Indexes for table `overtime_requests`
--
ALTER TABLE `overtime_requests`
  ADD PRIMARY KEY (`ot_id`),
  ADD KEY `employee_id` (`employee_id`),
  ADD KEY `approved_by` (`approved_by`);

--
-- Indexes for table `permissions`
--
ALTER TABLE `permissions`
  ADD PRIMARY KEY (`permission_id`);

--
-- Indexes for table `roles`
--
ALTER TABLE `roles`
  ADD PRIMARY KEY (`role_id`);

--
-- Indexes for table `role_permissions`
--
ALTER TABLE `role_permissions`
  ADD PRIMARY KEY (`role_id`,`permission_id`),
  ADD KEY `permission_id` (`permission_id`);

--
-- Indexes for table `schedules`
--
ALTER TABLE `schedules`
  ADD PRIMARY KEY (`schedule_id`),
  ADD KEY `cluster_id` (`cluster_id`),
  ADD KEY `employee_id` (`employee_id`);

--
-- Indexes for table `time_logs`
--
ALTER TABLE `time_logs`
  ADD PRIMARY KEY (`time_log_id`),
  ADD KEY `user_id` (`user_id`),
  ADD KEY `employee_id` (`employee_id`);

--
-- Indexes for table `users`
--
ALTER TABLE `users`
  ADD PRIMARY KEY (`user_id`),
  ADD UNIQUE KEY `email` (`email`),
  ADD KEY `role_id` (`role_id`);

--
-- Indexes for table `user_permissions`
--
ALTER TABLE `user_permissions`
  ADD PRIMARY KEY (`Id`),
  ADD UNIQUE KEY `user_permission_unique` (`user_id`,`permission_id`),
  ADD KEY `user_permissions_ibfk_2` (`permission_id`);

--
-- AUTO_INCREMENT for dumped tables
--

--
-- AUTO_INCREMENT for table `activity_logs`
--
ALTER TABLE `activity_logs`
  MODIFY `log_id` int(11) NOT NULL AUTO_INCREMENT, AUTO_INCREMENT=9;

--
-- AUTO_INCREMENT for table `announcements`
--
ALTER TABLE `announcements`
  MODIFY `announcement_id` int(11) NOT NULL AUTO_INCREMENT;

--
-- AUTO_INCREMENT for table `attendance_disputes`
--
ALTER TABLE `attendance_disputes`
  MODIFY `dispute_id` int(11) NOT NULL AUTO_INCREMENT;

--
-- AUTO_INCREMENT for table `attendance_logs`
--
ALTER TABLE `attendance_logs`
  MODIFY `attendance_id` int(11) NOT NULL AUTO_INCREMENT;

--
-- AUTO_INCREMENT for table `break_logs`
--
ALTER TABLE `break_logs`
  MODIFY `break_log_id` int(11) NOT NULL AUTO_INCREMENT;

--
-- AUTO_INCREMENT for table `clusters`
--
ALTER TABLE `clusters`
  MODIFY `cluster_id` int(11) NOT NULL AUTO_INCREMENT;

--
-- AUTO_INCREMENT for table `employees`
--
ALTER TABLE `employees`
  MODIFY `employee_id` int(11) NOT NULL AUTO_INCREMENT, AUTO_INCREMENT=16;

--
-- AUTO_INCREMENT for table `holidays`
--
ALTER TABLE `holidays`
  MODIFY `holiday_id` int(11) NOT NULL AUTO_INCREMENT;

--
-- AUTO_INCREMENT for table `leave_requests`
--
ALTER TABLE `leave_requests`
  MODIFY `leave_id` int(11) NOT NULL AUTO_INCREMENT;

--
-- AUTO_INCREMENT for table `overtime_requests`
--
ALTER TABLE `overtime_requests`
  MODIFY `ot_id` int(11) NOT NULL AUTO_INCREMENT;

--
-- AUTO_INCREMENT for table `permissions`
--
ALTER TABLE `permissions`
  MODIFY `permission_id` int(11) NOT NULL AUTO_INCREMENT, AUTO_INCREMENT=12;

--
-- AUTO_INCREMENT for table `roles`
--
ALTER TABLE `roles`
  MODIFY `role_id` int(11) NOT NULL AUTO_INCREMENT, AUTO_INCREMENT=5;

--
-- AUTO_INCREMENT for table `schedules`
--
ALTER TABLE `schedules`
  MODIFY `schedule_id` int(11) NOT NULL AUTO_INCREMENT;

--
-- AUTO_INCREMENT for table `time_logs`
--
ALTER TABLE `time_logs`
  MODIFY `time_log_id` int(11) NOT NULL AUTO_INCREMENT;

--
-- AUTO_INCREMENT for table `users`
--
ALTER TABLE `users`
  MODIFY `user_id` int(11) NOT NULL AUTO_INCREMENT, AUTO_INCREMENT=17;

--
-- AUTO_INCREMENT for table `user_permissions`
--
ALTER TABLE `user_permissions`
  MODIFY `Id` int(11) NOT NULL AUTO_INCREMENT, AUTO_INCREMENT=254;

--
-- Constraints for dumped tables
--

--
-- Constraints for table `activity_logs`
--
ALTER TABLE `activity_logs`
  ADD CONSTRAINT `activity_logs_ibfk_1` FOREIGN KEY (`user_id`) REFERENCES `users` (`user_id`);

--
-- Constraints for table `announcements`
--
ALTER TABLE `announcements`
  ADD CONSTRAINT `announcements_ibfk_1` FOREIGN KEY (`posted_by`) REFERENCES `users` (`user_id`);

--
-- Constraints for table `attendance_disputes`
--
ALTER TABLE `attendance_disputes`
  ADD CONSTRAINT `attendance_disputes_ibfk_1` FOREIGN KEY (`cluster_id`) REFERENCES `clusters` (`cluster_id`),
  ADD CONSTRAINT `attendance_disputes_ibfk_2` FOREIGN KEY (`employee_id`) REFERENCES `employees` (`employee_id`);

--
-- Constraints for table `attendance_logs`
--
ALTER TABLE `attendance_logs`
  ADD CONSTRAINT `attendance_logs_ibfk_1` FOREIGN KEY (`cluster_id`) REFERENCES `clusters` (`cluster_id`),
  ADD CONSTRAINT `attendance_logs_ibfk_2` FOREIGN KEY (`employee_id`) REFERENCES `employees` (`employee_id`);

--
-- Constraints for table `break_logs`
--
ALTER TABLE `break_logs`
  ADD CONSTRAINT `break_logs_ibfk_1` FOREIGN KEY (`time_log_id`) REFERENCES `time_logs` (`time_log_id`),
  ADD CONSTRAINT `break_logs_ibfk_2` FOREIGN KEY (`cluster_id`) REFERENCES `clusters` (`cluster_id`);

--
-- Constraints for table `clusters`
--
ALTER TABLE `clusters`
  ADD CONSTRAINT `clusters_ibfk_1` FOREIGN KEY (`user_id`) REFERENCES `users` (`user_id`);

--
-- Constraints for table `cluster_members`
--
ALTER TABLE `cluster_members`
  ADD CONSTRAINT `cluster_members_ibfk_1` FOREIGN KEY (`cluster_id`) REFERENCES `clusters` (`cluster_id`),
  ADD CONSTRAINT `cluster_members_ibfk_2` FOREIGN KEY (`employee_id`) REFERENCES `employees` (`employee_id`);

--
-- Constraints for table `employees`
--
ALTER TABLE `employees`
  ADD CONSTRAINT `employees_ibfk_1` FOREIGN KEY (`user_id`) REFERENCES `users` (`user_id`);

--
-- Constraints for table `leave_requests`
--
ALTER TABLE `leave_requests`
  ADD CONSTRAINT `leave_requests_ibfk_1` FOREIGN KEY (`employee_id`) REFERENCES `employees` (`employee_id`),
  ADD CONSTRAINT `leave_requests_ibfk_2` FOREIGN KEY (`reviewed_by`) REFERENCES `users` (`user_id`),
  ADD CONSTRAINT `leave_requests_ibfk_3` FOREIGN KEY (`approved_by`) REFERENCES `users` (`user_id`);

--
-- Constraints for table `overtime_requests`
--
ALTER TABLE `overtime_requests`
  ADD CONSTRAINT `overtime_requests_ibfk_1` FOREIGN KEY (`employee_id`) REFERENCES `employees` (`employee_id`),
  ADD CONSTRAINT `overtime_requests_ibfk_2` FOREIGN KEY (`approved_by`) REFERENCES `users` (`user_id`);

--
-- Constraints for table `role_permissions`
--
ALTER TABLE `role_permissions`
  ADD CONSTRAINT `role_permissions_ibfk_1` FOREIGN KEY (`role_id`) REFERENCES `roles` (`role_id`),
  ADD CONSTRAINT `role_permissions_ibfk_2` FOREIGN KEY (`permission_id`) REFERENCES `permissions` (`permission_id`);

--
-- Constraints for table `schedules`
--
ALTER TABLE `schedules`
  ADD CONSTRAINT `schedules_ibfk_1` FOREIGN KEY (`cluster_id`) REFERENCES `clusters` (`cluster_id`),
  ADD CONSTRAINT `schedules_ibfk_2` FOREIGN KEY (`employee_id`) REFERENCES `employees` (`employee_id`);

--
-- Constraints for table `time_logs`
--
ALTER TABLE `time_logs`
  ADD CONSTRAINT `time_logs_ibfk_1` FOREIGN KEY (`user_id`) REFERENCES `users` (`user_id`),
  ADD CONSTRAINT `time_logs_ibfk_2` FOREIGN KEY (`employee_id`) REFERENCES `employees` (`employee_id`);

--
-- Constraints for table `users`
--
ALTER TABLE `users`
  ADD CONSTRAINT `users_ibfk_1` FOREIGN KEY (`role_id`) REFERENCES `roles` (`role_id`);

--
-- Constraints for table `user_permissions`
--
ALTER TABLE `user_permissions`
  ADD CONSTRAINT `user_permissions_ibfk_1` FOREIGN KEY (`user_id`) REFERENCES `users` (`user_id`),
  ADD CONSTRAINT `user_permissions_ibfk_2` FOREIGN KEY (`permission_id`) REFERENCES `permissions` (`permission_id`);
COMMIT;

/*!40101 SET CHARACTER_SET_CLIENT=@OLD_CHARACTER_SET_CLIENT */;
/*!40101 SET CHARACTER_SET_RESULTS=@OLD_CHARACTER_SET_RESULTS */;
/*!40101 SET COLLATION_CONNECTION=@OLD_COLLATION_CONNECTION */;
